Name,url
"Abrines, Alex",http://stats.nba.com/player/#!/203518/
"Acy, Quincy",http://stats.nba.com/player/#!/203112/
"Adams, Steven",http://stats.nba.com/player/#!/203500/
"Adebayo, Bam",http://stats.nba.com/player/#!/1628389/
"Afflalo, Arron",http://stats.nba.com/player/#!/201167/
"Ajinca, Alexis",http://stats.nba.com/player/#!/201582/
"Aldrich, Cole",http://stats.nba.com/player/#!/202332/
"Aldridge, LaMarcus",http://stats.nba.com/player/#!/200746/
"Allen, Jarrett",http://stats.nba.com/player/#!/1628386/
"Allen, Kadeem",http://stats.nba.com/player/#!/1628443/
"Aminu, Al-Farouq",http://stats.nba.com/player/#!/202329/
"Anderson, Justin",http://stats.nba.com/player/#!/1626147/
"Anderson, Kyle",http://stats.nba.com/player/#!/203937/
"Anderson, Ryan",http://stats.nba.com/player/#!/201583/
"Anigbogu, Ike",http://stats.nba.com/player/#!/1628387/
"Antetokounmpo, Giannis",http://stats.nba.com/player/#!/203507/
"Anthony, Carmelo",http://stats.nba.com/player/#!/2546/
"Anunoby, OG",http://stats.nba.com/player/#!/1628384/
"Arcidiacono, Ryan",http://stats.nba.com/player/#!/1627853/
"Ariza, Trevor",http://stats.nba.com/player/#!/2772/
"Arthur, Darrell",http://stats.nba.com/player/#!/201589/
"Artis, Jamel",http://stats.nba.com/player/#!/1628503/
"Ashley, Brandon",http://stats.nba.com/player/#!/1626165/
"Asik, Omer",http://stats.nba.com/player/#!/201600/
"Augustin, D.J.",http://stats.nba.com/player/#!/201571/
"Babbitt, Luke",http://stats.nba.com/player/#!/202337/
"Bacon, Dwayne",http://stats.nba.com/player/#!/1628407/
"Baker, Ron",http://stats.nba.com/player/#!/1627758/
"Baldwin IV, Wade",http://stats.nba.com/player/#!/1627735/
"Ball, Lonzo",http://stats.nba.com/player/#!/1628366/
"Barea, J.J.",http://stats.nba.com/player/#!/200826/
"Barnes, Harrison",http://stats.nba.com/player/#!/203084/
"Barton, Will",http://stats.nba.com/player/#!/203115/
"Batum, Nicolas",http://stats.nba.com/player/#!/201587/
"Bayless, Jerryd",http://stats.nba.com/player/#!/201573/
"Baynes, Aron",http://stats.nba.com/player/#!/203382/
"Bazemore, Kent",http://stats.nba.com/player/#!/203145/
"Beal, Bradley",http://stats.nba.com/player/#!/203078/
"Beasley, Malik",http://stats.nba.com/player/#!/1627736/
"Beasley, Michael",http://stats.nba.com/player/#!/201563/
"Belinelli, Marco",http://stats.nba.com/player/#!/201158/
"Bell, Jordan",http://stats.nba.com/player/#!/1628395/
"Bembry, DeAndre'",http://stats.nba.com/player/#!/1627761/
"Bender, Dragan",http://stats.nba.com/player/#!/1627733/
"Bertans, Davis",http://stats.nba.com/player/#!/202722/
"Beverley, Patrick",http://stats.nba.com/player/#!/201976/
"Birch, Khem",http://stats.nba.com/player/#!/203920/
"Biyombo, Bismack",http://stats.nba.com/player/#!/202687/
"Bjelica, Nemanja",http://stats.nba.com/player/#!/202357/
"Black, Tarik",http://stats.nba.com/player/#!/204028/
"Blakeney, Antonio",http://stats.nba.com/player/#!/1628469/
"Bledsoe, Eric",http://stats.nba.com/player/#!/202339/
"Blue, Vander",http://stats.nba.com/player/#!/203505/
"Bogdanovic, Bogdan",http://stats.nba.com/player/#!/203992/
"Bogdanovic, Bojan",http://stats.nba.com/player/#!/202711/
"Bolomboy, Joel",http://stats.nba.com/player/#!/1627762/
"Booker, Devin",http://stats.nba.com/player/#!/1626164/
"Booker, Trevor",http://stats.nba.com/player/#!/202344/
"Boucher, Chris",http://stats.nba.com/player/#!/1628449/
"Bradley, Avery",http://stats.nba.com/player/#!/202340/
"Bradley, Tony",http://stats.nba.com/player/#!/1628396/
"Brewer, Corey",http://stats.nba.com/player/#!/201147/
"Brogdon, Malcolm",http://stats.nba.com/player/#!/1627763/
"Brooks, Dillon",http://stats.nba.com/player/#!/1628415/
"Brown, Jaylen",http://stats.nba.com/player/#!/1627759/
"Brown, Lorenzo",http://stats.nba.com/player/#!/203485/
"Brown, Sterling",http://stats.nba.com/player/#!/1628425/
"Brussino, Nicolas",http://stats.nba.com/player/#!/1627852/
"Bryant, Thomas",http://stats.nba.com/player/#!/1628418/
"Bullock, Reggie",http://stats.nba.com/player/#!/203493/
"Burks, Alec",http://stats.nba.com/player/#!/202692/
"Butler, Jimmy",http://stats.nba.com/player/#!/202710/
"Caboclo, Bruno",http://stats.nba.com/player/#!/203998/
"Calderon, Jose",http://stats.nba.com/player/#!/101181/
"Caldwell-Pope, Kentavious",http://stats.nba.com/player/#!/203484/
"Capela, Clint",http://stats.nba.com/player/#!/203991/
"Carroll, DeMarre",http://stats.nba.com/player/#!/201960/
"Carter, Vince",http://stats.nba.com/player/#!/1713/
"Carter-Williams, Michael",http://stats.nba.com/player/#!/203487/
"Caruso, Alex",http://stats.nba.com/player/#!/1627936/
"Casspi, Omri",http://stats.nba.com/player/#!/201956/
"Cauley-Stein, Willie",http://stats.nba.com/player/#!/1626161/
"Caupain, Troy",http://stats.nba.com/player/#!/1628505/
"Cavanaugh, Tyler",http://stats.nba.com/player/#!/1628463/
"Chalmers, Mario",http://stats.nba.com/player/#!/201596/
"Chandler, Tyson",http://stats.nba.com/player/#!/2199/
"Chandler, Wilson",http://stats.nba.com/player/#!/201163/
"Chriss, Marquese",http://stats.nba.com/player/#!/1627737/
"Christon, Semaj",http://stats.nba.com/player/#!/203902/
"Clark, Ian",http://stats.nba.com/player/#!/203546/
"Clarkson, Jordan",http://stats.nba.com/player/#!/203903/
"Clavell, Gian",http://stats.nba.com/player/#!/1628492/
"Collins, John",http://stats.nba.com/player/#!/1628381/
"Collins, Zach",http://stats.nba.com/player/#!/1628380/
"Collison, Darren",http://stats.nba.com/player/#!/201954/
"Collison, Nick",http://stats.nba.com/player/#!/2555/
"Conley, Mike",http://stats.nba.com/player/#!/201144/
"Connaughton, Pat",http://stats.nba.com/player/#!/1626192/
"Cook, Quinn",http://stats.nba.com/player/#!/1626188/
"Cooley, Jack",http://stats.nba.com/player/#!/204022/
"Costello, Matt",http://stats.nba.com/player/#!/1627856/
"Cousins, DeMarcus",http://stats.nba.com/player/#!/202326/
"Covington, Robert",http://stats.nba.com/player/#!/203496/
"Crabbe, Allen",http://stats.nba.com/player/#!/203459/
"Craig, Torrey",http://stats.nba.com/player/#!/1628470/
"Crawford, Jamal",http://stats.nba.com/player/#!/2037/
"Crawford, Jordan",http://stats.nba.com/player/#!/202348/
"Crowder, Jae",http://stats.nba.com/player/#!/203109/
"Curry, Seth",http://stats.nba.com/player/#!/203552/
"Curry, Stephen",http://stats.nba.com/player/#!/201939/
"Daniels, Troy",http://stats.nba.com/player/#!/203584/
"Davis, Anthony",http://stats.nba.com/player/#!/203076/
"Davis, Deyonta",http://stats.nba.com/player/#!/1627738/
"Davis, Ed",http://stats.nba.com/player/#!/202334/
"DeRozan, DeMar",http://stats.nba.com/player/#!/201942/
"Dedmon, Dewayne",http://stats.nba.com/player/#!/203473/
"Dekker, Sam",http://stats.nba.com/player/#!/1626155/
"Delaney, Malcolm",http://stats.nba.com/player/#!/1627098/
"Dellavedova, Matthew",http://stats.nba.com/player/#!/203521/
"Deng, Luol",http://stats.nba.com/player/#!/2736/
"Diallo, Cheick",http://stats.nba.com/player/#!/1627767/
"Dieng, Gorgui",http://stats.nba.com/player/#!/203476/
"Dinwiddie, Spencer",http://stats.nba.com/player/#!/203915/
"Dorsey, Tyler",http://stats.nba.com/player/#!/1628416/
"Dotson, Damyean",http://stats.nba.com/player/#!/1628422/
"Doyle, Milton",http://stats.nba.com/player/#!/1628495/
"Dragic, Goran",http://stats.nba.com/player/#!/201609/
"Drew II, Larry",http://stats.nba.com/player/#!/203580/
"Drummond, Andre",http://stats.nba.com/player/#!/203083/
"Dudley, Jared",http://stats.nba.com/player/#!/201162/
"Dunn, Kris",http://stats.nba.com/player/#!/1627739/
"Durant, Kevin",http://stats.nba.com/player/#!/201142/
"Ellenson, Henry",http://stats.nba.com/player/#!/1627740/
"Ellington, Wayne",http://stats.nba.com/player/#!/201961/
"Embiid, Joel",http://stats.nba.com/player/#!/203954/
"Ennis, Tyler",http://stats.nba.com/player/#!/203898/
"Ennis III, James",http://stats.nba.com/player/#!/203516/
"Evans, Jawun",http://stats.nba.com/player/#!/1628393/
"Evans, Tyreke",http://stats.nba.com/player/#!/201936/
"Exum, Dante",http://stats.nba.com/player/#!/203957/
"Faried, Kenneth",http://stats.nba.com/player/#!/202702/
"Favors, Derrick",http://stats.nba.com/player/#!/202324/
"Felder, Kay",http://stats.nba.com/player/#!/1627770/
"Felicio, Cristiano",http://stats.nba.com/player/#!/1626245/
"Felton, Raymond",http://stats.nba.com/player/#!/101109/
"Ferguson, Terrance",http://stats.nba.com/player/#!/1628390/
"Ferrell, Yogi",http://stats.nba.com/player/#!/1627812/
"Finney-Smith, Dorian",http://stats.nba.com/player/#!/1627827/
"Forbes, Bryn",http://stats.nba.com/player/#!/1627854/
"Fournier, Evan",http://stats.nba.com/player/#!/203095/
"Fox, De'Aaron",http://stats.nba.com/player/#!/1628368/
"Frazier, Tim",http://stats.nba.com/player/#!/204025/
"Frye, Channing",http://stats.nba.com/player/#!/101112/
"Fultz, Markelle",http://stats.nba.com/player/#!/1628365/
"Gallinari, Danilo",http://stats.nba.com/player/#!/201568/
"Galloway, Langston",http://stats.nba.com/player/#!/204038/
"Gasol, Marc",http://stats.nba.com/player/#!/201188/
"Gasol, Pau",http://stats.nba.com/player/#!/2200/
"Gay, Rudy",http://stats.nba.com/player/#!/200752/
"George, Paul",http://stats.nba.com/player/#!/202331/
"Gibson, Taj",http://stats.nba.com/player/#!/201959/
"Giles, Harry",http://stats.nba.com/player/#!/1628385/
"Ginobili, Manu",http://stats.nba.com/player/#!/1938/
"Gobert, Rudy",http://stats.nba.com/player/#!/203497/
"Gordon, Aaron",http://stats.nba.com/player/#!/203932/
"Gordon, Eric",http://stats.nba.com/player/#!/201569/
"Gortat, Marcin",http://stats.nba.com/player/#!/101162/
"Graham, Treveon",http://stats.nba.com/player/#!/1626203/
"Grant, Jerami",http://stats.nba.com/player/#!/203924/
"Grant, Jerian",http://stats.nba.com/player/#!/1626170/
"Green, Danny",http://stats.nba.com/player/#!/201980/
"Green, Draymond",http://stats.nba.com/player/#!/203110/
"Green, Jeff",http://stats.nba.com/player/#!/201145/
"Griffin, Blake",http://stats.nba.com/player/#!/201933/
"Griffin, Eric",http://stats.nba.com/player/#!/203547/
"Hamilton, Daniel",http://stats.nba.com/player/#!/1627772/
"Hammons, AJ",http://stats.nba.com/player/#!/1627773/
"Hardaway Jr., Tim",http://stats.nba.com/player/#!/203501/
"Harden, James",http://stats.nba.com/player/#!/201935/
"Harkless, Maurice",http://stats.nba.com/player/#!/203090/
"Harrell, Montrezl",http://stats.nba.com/player/#!/1626149/
"Harris, Devin",http://stats.nba.com/player/#!/2734/
"Harris, Gary",http://stats.nba.com/player/#!/203914/
"Harris, Joe",http://stats.nba.com/player/#!/203925/
"Harris, Tobias",http://stats.nba.com/player/#!/202699/
"Harrison, Andrew",http://stats.nba.com/player/#!/1626150/
"Hart, Josh",http://stats.nba.com/player/#!/1628404/
"Haslem, Udonis",http://stats.nba.com/player/#!/2617/
"Hayes, Nigel",http://stats.nba.com/player/#!/1628502/
"Hayward, Gordon",http://stats.nba.com/player/#!/202330/
"Henson, John",http://stats.nba.com/player/#!/203089/
"Hernangomez, Juan",http://stats.nba.com/player/#!/1627823/
"Hernangomez, Willy",http://stats.nba.com/player/#!/1626195/
"Hezonja, Mario",http://stats.nba.com/player/#!/1626209/
"Hield, Buddy",http://stats.nba.com/player/#!/1627741/
"Hill, George",http://stats.nba.com/player/#!/201588/
"Hill, Solomon",http://stats.nba.com/player/#!/203524/
"Hilliard, Darrun",http://stats.nba.com/player/#!/1626199/
"Holiday, Jrue",http://stats.nba.com/player/#!/201950/
"Holiday, Justin",http://stats.nba.com/player/#!/203200/
"Holland, John",http://stats.nba.com/player/#!/204066/
"Hollis-Jefferson, Rondae",http://stats.nba.com/player/#!/1626178/
"Holmes, Richaun",http://stats.nba.com/player/#!/1626158/
"Hood, Rodney",http://stats.nba.com/player/#!/203918/
"Horford, Al",http://stats.nba.com/player/#!/201143/
"Howard, Dwight",http://stats.nba.com/player/#!/2730/
"Huestis, Josh",http://stats.nba.com/player/#!/203962/
"Hunter, Vince",http://stats.nba.com/player/#!/629208/
"Ibaka, Serge",http://stats.nba.com/player/#!/201586/
"Iguodala, Andre",http://stats.nba.com/player/#!/2738/
"Ilyasova, Ersan",http://stats.nba.com/player/#!/101141/
"Ingles, Joe",http://stats.nba.com/player/#!/204060/
"Ingram, Brandon",http://stats.nba.com/player/#!/1627742/
"Irving, Kyrie",http://stats.nba.com/player/#!/202681/
"Isaac, Jonathan",http://stats.nba.com/player/#!/1628371/
"Iwundu, Wesley",http://stats.nba.com/player/#!/1628411/
"Jackson, Demetrius",http://stats.nba.com/player/#!/1627743/
"Jackson, Frank",http://stats.nba.com/player/#!/1628402/
"Jackson, Josh",http://stats.nba.com/player/#!/1628367/
"Jackson, Justin",http://stats.nba.com/player/#!/1628382/
"Jackson, Reggie",http://stats.nba.com/player/#!/202704/
"James, LeBron",http://stats.nba.com/player/#!/2544/
"James, Mike",http://stats.nba.com/player/#!/1628455/
"Jefferson, Al",http://stats.nba.com/player/#!/2744/
"Jefferson, Richard",http://stats.nba.com/player/#!/2210/
"Jerebko, Jonas",http://stats.nba.com/player/#!/201973/
"Johnson, Amir",http://stats.nba.com/player/#!/101161/
"Johnson, Brice",http://stats.nba.com/player/#!/1627744/
"Johnson, Dakari",http://stats.nba.com/player/#!/1626177/
"Johnson, James",http://stats.nba.com/player/#!/201949/
"Johnson, Joe",http://stats.nba.com/player/#!/2207/
"Johnson, Stanley",http://stats.nba.com/player/#!/1626169/
"Johnson, Tyler",http://stats.nba.com/player/#!/204020/
"Johnson, Wesley",http://stats.nba.com/player/#!/202325/
"Jokic, Nikola",http://stats.nba.com/player/#!/203999/
"Jones, Damian",http://stats.nba.com/player/#!/1627745/
"Jones, DeQuan",http://stats.nba.com/player/#!/203199/
"Jones, Jalen",http://stats.nba.com/player/#!/1627883/
"Jones, Tyus",http://stats.nba.com/player/#!/1626145/
"Jones Jr., Derrick",http://stats.nba.com/player/#!/1627884/
"Jordan, DeAndre",http://stats.nba.com/player/#!/201599/
"Joseph, Cory",http://stats.nba.com/player/#!/202709/
"Kaminsky, Frank",http://stats.nba.com/player/#!/1626163/
"Kanter, Enes",http://stats.nba.com/player/#!/202683/
"Kennard, Luke",http://stats.nba.com/player/#!/1628379/
"Kidd-Gilchrist, Michael",http://stats.nba.com/player/#!/203077/
"Kilpatrick, Sean",http://stats.nba.com/player/#!/203930/
"Kleber, Maxi",http://stats.nba.com/player/#!/1628467/
"Knight, Brandon",http://stats.nba.com/player/#!/202688/
"Koenig, Bronson",http://stats.nba.com/player/#!/1628460/
"Korkmaz, Furkan",http://stats.nba.com/player/#!/1627788/
"Kornet, Luke",http://stats.nba.com/player/#!/1628436/
"Korver, Kyle",http://stats.nba.com/player/#!/2594/
"Koufos, Kosta",http://stats.nba.com/player/#!/201585/
"Kuzma, Kyle",http://stats.nba.com/player/#!/1628398/
"Kuzminskas, Mindaugas",http://stats.nba.com/player/#!/1627851/
"LaVine, Zach",http://stats.nba.com/player/#!/203897/
"Labissiere, Skal",http://stats.nba.com/player/#!/1627746/
"Lamb, Jeremy",http://stats.nba.com/player/#!/203087/
"Larkin, Shane",http://stats.nba.com/player/#!/203499/
"Lauvergne, Joffrey",http://stats.nba.com/player/#!/203530/
"Layman, Jake",http://stats.nba.com/player/#!/1627774/
"LeVert, Caris",http://stats.nba.com/player/#!/1627747/
"Leaf, T.J.",http://stats.nba.com/player/#!/1628388/
"Lee, Courtney",http://stats.nba.com/player/#!/201584/
"Leonard, Kawhi",http://stats.nba.com/player/#!/202695/
"Leonard, Meyers",http://stats.nba.com/player/#!/203086/
"Leuer, Jon",http://stats.nba.com/player/#!/202720/
"Liggins, DeAndre",http://stats.nba.com/player/#!/202732/
"Lillard, Damian",http://stats.nba.com/player/#!/203081/
"Lin, Jeremy",http://stats.nba.com/player/#!/202391/
"Livingston, Shaun",http://stats.nba.com/player/#!/2733/
"Long, Shawn",http://stats.nba.com/player/#!/1627848/
"Looney, Kevon",http://stats.nba.com/player/#!/1626172/
"Lopez, Brook",http://stats.nba.com/player/#!/201572/
"Lopez, Robin",http://stats.nba.com/player/#!/201577/
"Love, Kevin",http://stats.nba.com/player/#!/201567/
"Lowry, Kyle",http://stats.nba.com/player/#!/200768/
"Lucas, Kalin",http://stats.nba.com/player/#!/203564/
"Luwawu-Cabarrot, Timothe",http://stats.nba.com/player/#!/1627789/
"Lydon, Tyler",http://stats.nba.com/player/#!/1628399/
"Lyles, Trey",http://stats.nba.com/player/#!/1626168/
"Mack, Shelvin",http://stats.nba.com/player/#!/202714/
"Magette, Josh",http://stats.nba.com/player/#!/203705/
"Mahinmi, Ian",http://stats.nba.com/player/#!/101133/
"Maker, Thon",http://stats.nba.com/player/#!/1627748/
"Marjanovic, Boban",http://stats.nba.com/player/#!/1626246/
"Markkanen, Lauri",http://stats.nba.com/player/#!/1628374/
"Martin, Jarell",http://stats.nba.com/player/#!/1626185/
"Mason, Frank",http://stats.nba.com/player/#!/1628412/
"Mathiang, Mangok",http://stats.nba.com/player/#!/1628493/
"Matthews, Wesley",http://stats.nba.com/player/#!/202083/
"Mbah a Moute, Luc",http://stats.nba.com/player/#!/201601/
"McAdoo, James Michael",http://stats.nba.com/player/#!/203949/
"McCaw, Patrick",http://stats.nba.com/player/#!/1627775/
"McClellan, Sheldon",http://stats.nba.com/player/#!/1627815/
"McCollum, CJ",http://stats.nba.com/player/#!/203468/
"McConnell, T.J.",http://stats.nba.com/player/#!/204456/
"McCullough, Chris",http://stats.nba.com/player/#!/1626191/
"McDaniels, KJ",http://stats.nba.com/player/#!/203909/
"McDermott, Doug",http://stats.nba.com/player/#!/203926/
"McGee, JaVale",http://stats.nba.com/player/#!/201580/
"McGruder, Rodney",http://stats.nba.com/player/#!/203585/
"McKinney Jones, Trey",http://stats.nba.com/player/#!/203590/
"McKinnie, Alfonzo",http://stats.nba.com/player/#!/1628035/
"McLemore, Ben",http://stats.nba.com/player/#!/203463/
"McRoberts, Josh",http://stats.nba.com/player/#!/201177/
"Meeks, Jodie",http://stats.nba.com/player/#!/201975/
"Meeks, Kennedy",http://stats.nba.com/player/#!/1628452/
"Mejri, Salah",http://stats.nba.com/player/#!/1626257/
"Mickey, Jordan",http://stats.nba.com/player/#!/1626175/
"Middleton, Khris",http://stats.nba.com/player/#!/203114/
"Miles, CJ",http://stats.nba.com/player/#!/101139/
"Miller, Darius",http://stats.nba.com/player/#!/203121/
"Miller, Malcolm",http://stats.nba.com/player/#!/1626259/
"Mills, Patty",http://stats.nba.com/player/#!/201988/
"Millsap, Elijah",http://stats.nba.com/player/#!/202407/
"Millsap, Paul",http://stats.nba.com/player/#!/200794/
"Mitchell, Donovan",http://stats.nba.com/player/#!/1628378/
"Monk, Malik",http://stats.nba.com/player/#!/1628370/
"Monroe, Greg",http://stats.nba.com/player/#!/202328/
"Montero, Luis",http://stats.nba.com/player/#!/1626242/
"Moore, Ben",http://stats.nba.com/player/#!/1628500/
"Moore, E'Twaun",http://stats.nba.com/player/#!/202734/
"Moreland, Eric",http://stats.nba.com/player/#!/203961/
"Morgan, Jeremy",http://stats.nba.com/player/#!/1628456/
"Morris, Marcus",http://stats.nba.com/player/#!/202694/
"Morris, Markieff",http://stats.nba.com/player/#!/202693/
"Morris, Monte",http://stats.nba.com/player/#!/1628420/
"Motley, Johnathan",http://stats.nba.com/player/#!/1628405/
"Mozgov, Timofey",http://stats.nba.com/player/#!/202389/
"Mudiay, Emmanuel",http://stats.nba.com/player/#!/1626144/
"Murray, Dejounte",http://stats.nba.com/player/#!/1627749/
"Murray, Jamal",http://stats.nba.com/player/#!/1627750/
"Muscala, Mike",http://stats.nba.com/player/#!/203488/
Nene,http://stats.nba.com/player/#!/2403/
"Nader, Abdel",http://stats.nba.com/player/#!/1627846/
"Nance Jr., Larry",http://stats.nba.com/player/#!/1626204/
"Napier, Shabazz",http://stats.nba.com/player/#!/203894/
"Nelson, Jameer",http://stats.nba.com/player/#!/2749/
"Neto, Raul",http://stats.nba.com/player/#!/203526/
"Nicholson, Andrew",http://stats.nba.com/player/#!/203094/
"Noah, Joakim",http://stats.nba.com/player/#!/201149/
"Nogueira, Lucas",http://stats.nba.com/player/#!/203512/
"Nowitzki, Dirk",http://stats.nba.com/player/#!/1717/
"Ntilikina, Frank",http://stats.nba.com/player/#!/1628373/
"Nurkic, Jusuf",http://stats.nba.com/player/#!/203994/
"Nwaba, David",http://stats.nba.com/player/#!/1628021/
"O'Bryant III, Johnny",http://stats.nba.com/player/#!/203948/
"O'Neale, Royce",http://stats.nba.com/player/#!/1626220/
"O'Quinn, Kyle",http://stats.nba.com/player/#!/203124/
"Ochefu, Daniel",http://stats.nba.com/player/#!/1627849/
"Ojeleye, Semi",http://stats.nba.com/player/#!/1628400/
"Okafor, Jahlil",http://stats.nba.com/player/#!/1626143/
"Oladipo, Victor",http://stats.nba.com/player/#!/203506/
"Olynyk, Kelly",http://stats.nba.com/player/#!/203482/
"Onuaku, Chinanu",http://stats.nba.com/player/#!/1627778/
"Osman, Cedi",http://stats.nba.com/player/#!/1626224/
"Ouattara, Yakuba",http://stats.nba.com/player/#!/1628473/
"Oubre Jr., Kelly",http://stats.nba.com/player/#!/1626162/
"Pachulia, Zaza",http://stats.nba.com/player/#!/2585/
"Paige, Marcus",http://stats.nba.com/player/#!/1627779/
"Papagiannis, Georgios",http://stats.nba.com/player/#!/1627834/
"Parker, Jabari",http://stats.nba.com/player/#!/203953/
"Parker, Tony",http://stats.nba.com/player/#!/2225/
"Parsons, Chandler",http://stats.nba.com/player/#!/202718/
"Patterson, Patrick",http://stats.nba.com/player/#!/202335/
"Patton, Justin",http://stats.nba.com/player/#!/1628383/
"Paul, Brandon",http://stats.nba.com/player/#!/203464/
"Paul, Chris",http://stats.nba.com/player/#!/101108/
"Payne, Adreian",http://stats.nba.com/player/#!/203940/
"Payne, Cameron",http://stats.nba.com/player/#!/1626166/
"Payton, Elfrid",http://stats.nba.com/player/#!/203901/
"Payton II, Gary",http://stats.nba.com/player/#!/1627780/
"Perrantes, London",http://stats.nba.com/player/#!/1628506/
"Plumlee, Miles",http://stats.nba.com/player/#!/203101/
"Poeltl, Jakob",http://stats.nba.com/player/#!/1627751/
"Pondexter, Quincy",http://stats.nba.com/player/#!/202347/
"Porter Jr., Otto",http://stats.nba.com/player/#!/203490/
"Portis, Bobby",http://stats.nba.com/player/#!/1626171/
"Porzingis, Kristaps",http://stats.nba.com/player/#!/204001/
"Powell, Dwight",http://stats.nba.com/player/#!/203939/
"Powell, Norman",http://stats.nba.com/player/#!/1626181/
"Poythress, Alex",http://stats.nba.com/player/#!/1627816/
"Prince, Taurean",http://stats.nba.com/player/#!/1627752/
"Quarterman, Tim",http://stats.nba.com/player/#!/1627817/
"Randle, Chasson",http://stats.nba.com/player/#!/1626184/
"Randle, Julius",http://stats.nba.com/player/#!/203944/
"Randolph, Zach",http://stats.nba.com/player/#!/2216/
"Rathan-Mayes, Xavier",http://stats.nba.com/player/#!/1628504/
"Redick, JJ",http://stats.nba.com/player/#!/200755/
"Reed, Davon",http://stats.nba.com/player/#!/1628432/
"Reed, Willie",http://stats.nba.com/player/#!/203186/
"Richardson, Josh",http://stats.nba.com/player/#!/1626196/
"Richardson, Malachi",http://stats.nba.com/player/#!/1627781/
"Rivers, Austin",http://stats.nba.com/player/#!/203085/
"Roberson, Andre",http://stats.nba.com/player/#!/203460/
"Robinson III, Glenn",http://stats.nba.com/player/#!/203922/
"Rondo, Rajon",http://stats.nba.com/player/#!/200765/
"Rose, Derrick",http://stats.nba.com/player/#!/201565/
"Ross, Terrence",http://stats.nba.com/player/#!/203082/
"Rozier, Terry",http://stats.nba.com/player/#!/1626179/
"Rubio, Ricky",http://stats.nba.com/player/#!/201937/
"Rudez, Damjan",http://stats.nba.com/player/#!/204014/
"Russell, D'Angelo",http://stats.nba.com/player/#!/1626156/
"Sabonis, Domantas",http://stats.nba.com/player/#!/1627734/
"Sampson, JaKarr",http://stats.nba.com/player/#!/203960/
"Saric, Dario",http://stats.nba.com/player/#!/203967/
"Satoransky, Tomas",http://stats.nba.com/player/#!/203107/
"Schroder, Dennis",http://stats.nba.com/player/#!/203471/
"Scott, Mike",http://stats.nba.com/player/#!/203118/
"Sefolosha, Thabo",http://stats.nba.com/player/#!/200757/
"Selden, Wayne",http://stats.nba.com/player/#!/1627782/
"Senglin, Jeremy",http://stats.nba.com/player/#!/1628496/
"Sessions, Ramon",http://stats.nba.com/player/#!/201196/
"Shumpert, Iman",http://stats.nba.com/player/#!/202697/
"Siakam, Pascal",http://stats.nba.com/player/#!/1627783/
"Simmons, Ben",http://stats.nba.com/player/#!/1627732/
"Simmons, Jonathon",http://stats.nba.com/player/#!/203613/
"Simmons, Kobi",http://stats.nba.com/player/#!/1628424/
"Singler, Kyle",http://stats.nba.com/player/#!/202713/
"Smart, Marcus",http://stats.nba.com/player/#!/203935/
"Smith, Ish",http://stats.nba.com/player/#!/202397/
"Smith, JR",http://stats.nba.com/player/#!/2747/
"Smith, Jason",http://stats.nba.com/player/#!/201160/
"Smith Jr., Dennis",http://stats.nba.com/player/#!/1628372/
"Snell, Tony",http://stats.nba.com/player/#!/203503/
"Speights, Marreese",http://stats.nba.com/player/#!/201578/
"Stauskas, Nik",http://stats.nba.com/player/#!/203917/
"Stephenson, Lance",http://stats.nba.com/player/#!/202362/
"Stone, Julyan",http://stats.nba.com/player/#!/202933/
"Sumner, Edmond",http://stats.nba.com/player/#!/1628410/
"Swanigan, Caleb",http://stats.nba.com/player/#!/1628403/
"Tatum, Jayson",http://stats.nba.com/player/#!/1628369/
"Tavares, Edy",http://stats.nba.com/player/#!/204002/
"Taylor, Isaiah",http://stats.nba.com/player/#!/1627819/
"Teague, Jeff",http://stats.nba.com/player/#!/201952/
"Teletovic, Mirza",http://stats.nba.com/player/#!/203141/
"Temple, Garrett",http://stats.nba.com/player/#!/202066/
"Teodosic, Milos",http://stats.nba.com/player/#!/267634/
"Thomas, Isaiah",http://stats.nba.com/player/#!/202738/
"Thomas, Lance",http://stats.nba.com/player/#!/202498/
"Thompson, Klay",http://stats.nba.com/player/#!/202691/
"Thompson, Tristan",http://stats.nba.com/player/#!/202684/
"Thornwell, Sindarius",http://stats.nba.com/player/#!/1628414/
"Tolliver, Anthony",http://stats.nba.com/player/#!/201229/
"Towns, Karl-Anthony",http://stats.nba.com/player/#!/1626157/
"Tucker, PJ",http://stats.nba.com/player/#!/200782/
"Turner, Evan",http://stats.nba.com/player/#!/202323/
"Turner, Myles",http://stats.nba.com/player/#!/1626167/
"Udoh, Ekpe",http://stats.nba.com/player/#!/202327/
"Ulis, Tyler",http://stats.nba.com/player/#!/1627755/
"Valanciunas, Jonas",http://stats.nba.com/player/#!/202685/
"Valentine, Denzel",http://stats.nba.com/player/#!/1627756/
"VanVleet, Fred",http://stats.nba.com/player/#!/1627832/
"Vaughn, Rashad",http://stats.nba.com/player/#!/1626173/
"Vonleh, Noah",http://stats.nba.com/player/#!/203943/
"Vucevic, Nikola",http://stats.nba.com/player/#!/202696/
"Wade, Dwyane",http://stats.nba.com/player/#!/2548/
"Waiters, Dion",http://stats.nba.com/player/#!/203079/
"Walker, Kemba",http://stats.nba.com/player/#!/202689/
"Wall, John",http://stats.nba.com/player/#!/202322/
"Walton Jr., Derrick",http://stats.nba.com/player/#!/1628476/
"Warren, TJ",http://stats.nba.com/player/#!/203933/
"Wayns, Maalik",http://stats.nba.com/player/#!/203146/
"Weber, Briante",http://stats.nba.com/player/#!/1627362/
"West, David",http://stats.nba.com/player/#!/2561/
"Westbrook, Russell",http://stats.nba.com/player/#!/201566/
"White, Derrick",http://stats.nba.com/player/#!/1628401/
"White, Okaro",http://stats.nba.com/player/#!/1627855/
"Whitehead, Isaiah",http://stats.nba.com/player/#!/1627785/
"Whiteside, Hassan",http://stats.nba.com/player/#!/202355/
"Wiggins, Andrew",http://stats.nba.com/player/#!/203952/
"Wiley, Jacob",http://stats.nba.com/player/#!/1628451/
"Wilkins, Damien",http://stats.nba.com/player/#!/2863/
"Williams, Alan",http://stats.nba.com/player/#!/1626210/
"Williams, Lou",http://stats.nba.com/player/#!/101150/
"Williams, Marvin",http://stats.nba.com/player/#!/101107/
"Williams, T.J.",http://stats.nba.com/player/#!/1628494/
"Williams, Troy",http://stats.nba.com/player/#!/1627786/
"Williams Jr., Matt",http://stats.nba.com/player/#!/1628475/
"Wilson, D.J.",http://stats.nba.com/player/#!/1628391/
"Wilson, Jamil",http://stats.nba.com/player/#!/203966/
"Wiltjer, Kyle",http://stats.nba.com/player/#!/1627787/
"Winslow, Justise",http://stats.nba.com/player/#!/1626159/
"Withey, Jeff",http://stats.nba.com/player/#!/203481/
"Wright, Brandan",http://stats.nba.com/player/#!/201148/
"Wright, Delon",http://stats.nba.com/player/#!/1626153/
"Yabusele, Guerschon",http://stats.nba.com/player/#!/1627824/
"Young, Joe",http://stats.nba.com/player/#!/1626202/
"Young, Mike",http://stats.nba.com/player/#!/1628454/
"Young, Nick",http://stats.nba.com/player/#!/201156/
"Young, Thaddeus",http://stats.nba.com/player/#!/201152/
"Zagorac, Rade",http://stats.nba.com/player/#!/1627825/
"Zeller, Cody",http://stats.nba.com/player/#!/203469/
"Zeller, Tyler",http://stats.nba.com/player/#!/203092/
Zhou Zhou,http://stats.nba.com/player/#!/1627753/
"Zimmerman, Stephen",http://stats.nba.com/player/#!/1627757/
"Zipser, Paul",http://stats.nba.com/player/#!/1627835/
"Zizic, Ante",http://stats.nba.com/player/#!/1627790/
"Zubac, Ivica",http://stats.nba.com/player/#!/1627826/
